1677107865-ca8de23,4247860498,build,matsim-example-project
1677107865-ca8de23,4247864197,build,jv-fruit-shop
1677107865-ca8de23,4247847182,build,JSqlParser
1677107865-ca8de23,4247861799,analyze,pipelines-java
1677107865-ca8de23,4247866259,build,jv-salary-info
1677107865-ca8de23,4247849343,build,Algorithms
1677107865-ca8de23,4247858953,build,spring-petclinic-rest
1677107865-ca8de23,4247857360,test,github-api
1677107865-ca8de23,4247857360,site,github-api
1677107865-ca8de23,4247857360,test-8,github-api
1677107865-ca8de23,4247841119,build,MavenTestCI
1677107865-ca8de23,4247849927,build,aws-cf-templates
1677107865-ca8de23,4247864481,build,jv-array-list
1677107865-ca8de23,4247854337,build,neo4j-apoc-procedures
1677107865-ca8de23,4247854335,build,neo4j-apoc-procedures
1677107865-ca8de23,4247845777,verify,socket.io-client-java
1677107865-ca8de23,4247842373,build,bytecode-viewer
1677107865-ca8de23,4247844693,build-and-verify,junit4
1677107865-ca8de23,4247848362,build,dynamic-datasource-spring-boot-starter
1677107865-ca8de23,4247863063,test,shipping
1677107865-ca8de23,4247856902,test,fabric-sdk-java
1677107865-ca8de23,4247847837,test-java,open-location-code
1677107865-ca8de23,4247847837,test-rust,open-location-code
1677107865-ca8de23,4247847837,test-ruby,open-location-code
1677107865-ca8de23,4247847837,test-c,open-location-code
1677107865-ca8de23,4247847837,test-js-closure,open-location-code
1677107865-ca8de23,4247847837,test-js,open-location-code
1677107865-ca8de23,4247847837,test-dart,open-location-code
1677107865-ca8de23,4247843303,mvn_verify,Mybatis-PageHelper
1677107865-ca8de23,4247843293,publish,Mybatis-PageHelper
1677107865-ca8de23,4247846773,build,kafdrop
1677107865-ca8de23,4247846775,build,kafdrop
1677107865-ca8de23,4247863059,build,mooc-software-testing
1677107865-ca8de23,4247864681,build,jv-hash-map
1677107865-ca8de23,4247840660,build,GradleTestCI
1677107865-ca8de23,4247863949,build,mvnwebapp
1677107865-ca8de23,4247853747,build,symphony
1677107865-ca8de23,4247853751,build,symphony
1677107865-ca8de23,4247863497,test,queue-master
1677107865-ca8de23,4247851905,StyleAndLicense,soot
1677107865-ca8de23,4247851905,BuildAndTest,soot
1677107865-ca8de23,4247851905,DeployArtifacts,soot
1677107865-ca8de23,4247848986,build,jackson-databind
1677107865-ca8de23,4247848542,test,99-problems
1677107865-ca8de23,4247857622,compile,mcMMO
1677107865-ca8de23,4247850303,build,commons-lang
1677107865-ca8de23,4247850302,build,commons-lang
1677107865-ca8de23,4247858846,build,spring-framework-petclinic
1677107865-ca8de23,4247846165,build,joda-time
1677107865-ca8de23,4247844334,Test,Java-WebSocket
1677107865-ca8de23,4247844334,Build,Java-WebSocket
1677107865-ca8de23,4247844328,build,Java-WebSocket
1677107865-ca8de23,4247844336,build,Java-WebSocket
1677107865-ca8de23,4247853239,linux-focal,UniversalMediaServer
1677107865-ca8de23,4247853239,linux-bionic,UniversalMediaServer